employee_name,work_month,project_id,project_utilization_percent
John Smith,2023-09,1,18.75
John Smith,2023-10,1,13.295454545454545
Sarah Brown,2023-09,2,14.210526315789474
Sarah Brown,2023-10,2,7.159090909090909
Mark Johnson,2023-09,3,17.763157894736842
Mark Johnson,2023-10,3,4.090909090909091
Mark Johnson,2023-11,3,8.181818181818182
Emily White,2023-09,4,8.289473684210526
Emily White,2023-10,4,9.204545454545455
Emily White,2023-11,4,2.0454545454545454
